{
  "hash": "c0819084",
  "configHash": "89666ab5",
  "lockfileHash": "b80d259a",
  "browserHash": "b708fffc",
  "optimized": {
    "@angular/common/http": {
      "src": "../../../../../../node_modules/@angular/common/fesm2022/http.mjs",
      "file": "@angular_common_http.js",
      "fileHash": "342852b5",
      "needsInterop": false
    },
    "@angular/core": {
      "src": "../../../../../../node_modules/@angular/core/fesm2022/core.mjs",
      "file": "@angular_core.js",
      "fileHash": "30a710bd",
      "needsInterop": false
    },
    "@angular/fire/app": {
      "src": "../../../../../../node_modules/@angular/fire/fesm2022/angular-fire-app.mjs",
      "file": "@angular_fire_app.js",
      "fileHash": "f59eb7b4",
      "needsInterop": false
    },
    "@angular/fire/auth": {
      "src": "../../../../../../node_modules/@angular/fire/fesm2022/angular-fire-auth.mjs",
      "file": "@angular_fire_auth.js",
      "fileHash": "5b5c2dbb",
      "needsInterop": false
    },
    "@angular/fire/compat": {
      "src": "../../../../../../node_modules/@angular/fire/fesm2022/angular-fire-compat.mjs",
      "file": "@angular_fire_compat.js",
      "fileHash": "593d1f6f",
      "needsInterop": false
    },
    "@angular/fire/firestore": {
      "src": "../../../../../../node_modules/@angular/fire/fesm2022/angular-fire-firestore.mjs",
      "file": "@angular_fire_firestore.js",
      "fileHash": "2c32bfc4",
      "needsInterop": false
    },
    "@angular/forms": {
      "src": "../../../../../../node_modules/@angular/forms/fesm2022/forms.mjs",
      "file": "@angular_forms.js",
      "fileHash": "a73ad6a8",
      "needsInterop": false
    },
    "@angular/platform-browser": {
      "src": "../../../../../../node_modules/@angular/platform-browser/fesm2022/platform-browser.mjs",
      "file": "@angular_platform-browser.js",
      "fileHash": "b17ac802",
      "needsInterop": false
    },
    "@angular/platform-browser/animations": {
      "src": "../../../../../../node_modules/@angular/platform-browser/fesm2022/animations.mjs",
      "file": "@angular_platform-browser_animations.js",
      "fileHash": "0fa6cce7",
      "needsInterop": false
    },
    "@angular/router": {
      "src": "../../../../../../node_modules/@angular/router/fesm2022/router.mjs",
      "file": "@angular_router.js",
      "fileHash": "da7eedf7",
      "needsInterop": false
    },
    "ngx-spinner": {
      "src": "../../../../../../node_modules/ngx-spinner/fesm2022/ngx-spinner.mjs",
      "file": "ngx-spinner.js",
      "fileHash": "18cfb666",
      "needsInterop": false
    },
    "ngx-toastr": {
      "src": "../../../../../../node_modules/ngx-toastr/fesm2022/ngx-toastr.mjs",
      "file": "ngx-toastr.js",
      "fileHash": "2f1f93c8",
      "needsInterop": false
    }
  },
  "chunks": {
    "chunk-IIQOOYU6": {
      "file": "chunk-IIQOOYU6.js"
    },
    "chunk-CLNYOSSB": {
      "file": "chunk-CLNYOSSB.js"
    },
    "chunk-SOGVVPRD": {
      "file": "chunk-SOGVVPRD.js"
    },
    "chunk-RXTUHFIN": {
      "file": "chunk-RXTUHFIN.js"
    },
    "chunk-RXTHRWDV": {
      "file": "chunk-RXTHRWDV.js"
    },
    "chunk-JFNCXTBO": {
      "file": "chunk-JFNCXTBO.js"
    },
    "chunk-LX2WF7OV": {
      "file": "chunk-LX2WF7OV.js"
    },
    "chunk-JGZ32GHN": {
      "file": "chunk-JGZ32GHN.js"
    },
    "chunk-7RMYTCNK": {
      "file": "chunk-7RMYTCNK.js"
    },
    "chunk-P7TCBFIL": {
      "file": "chunk-P7TCBFIL.js"
    },
    "chunk-2NCWL5KE": {
      "file": "chunk-2NCWL5KE.js"
    }
  }
}