{
  "hash": "1b8142da",
  "configHash": "9d2dc3f2",
  "lockfileHash": "5ff4abbd",
  "browserHash": "4b2cf68f",
  "optimized": {
    "@angular/core": {
      "src": "../../../../../../node_modules/@angular/core/fesm2022/core.mjs",
      "file": "@angular_core.js",
      "fileHash": "48fabedb",
      "needsInterop": false
    },
    "@angular/forms": {
      "src": "../../../../../../node_modules/@angular/forms/fesm2022/forms.mjs",
      "file": "@angular_forms.js",
      "fileHash": "040f6547",
      "needsInterop": false
    },
    "@angular/platform-browser": {
      "src": "../../../../../../node_modules/@angular/platform-browser/fesm2022/platform-browser.mjs",
      "file": "@angular_platform-browser.js",
      "fileHash": "7615294b",
      "needsInterop": false
    },
    "@angular/router": {
      "src": "../../../../../../node_modules/@angular/router/fesm2022/router.mjs",
      "file": "@angular_router.js",
      "fileHash": "6fc42be3",
      "needsInterop": false
    },
    "firebase/analytics": {
      "src": "../../../../../../node_modules/firebase/analytics/dist/esm/index.esm.js",
      "file": "firebase_analytics.js",
      "fileHash": "3f337a59",
      "needsInterop": false
    },
    "firebase/app": {
      "src": "../../../../../../node_modules/firebase/app/dist/esm/index.esm.js",
      "file": "firebase_app.js",
      "fileHash": "73bb2479",
      "needsInterop": false
    }
  },
  "chunks": {
    "chunk-KXJIWDBU": {
      "file": "chunk-KXJIWDBU.js"
    },
    "chunk-MMAPD5CN": {
      "file": "chunk-MMAPD5CN.js"
    },
    "chunk-NZ65DDMG": {
      "file": "chunk-NZ65DDMG.js"
    },
    "chunk-H7527CLT": {
      "file": "chunk-H7527CLT.js"
    },
    "chunk-WDMUDEB6": {
      "file": "chunk-WDMUDEB6.js"
    }
  }
}