{
  "hash": "3af08749",
  "configHash": "3a7ccc1a",
  "lockfileHash": "17cd274d",
  "browserHash": "6fcc8c97",
  "optimized": {
    "@angular/core": {
      "src": "../../../../../../node_modules/@angular/core/fesm2022/core.mjs",
      "file": "@angular_core.js",
      "fileHash": "356e832d",
      "needsInterop": false
    },
    "@angular/forms": {
      "src": "../../../../../../node_modules/@angular/forms/fesm2022/forms.mjs",
      "file": "@angular_forms.js",
      "fileHash": "37754985",
      "needsInterop": false
    },
    "@angular/platform-browser": {
      "src": "../../../../../../node_modules/@angular/platform-browser/fesm2022/platform-browser.mjs",
      "file": "@angular_platform-browser.js",
      "fileHash": "0837907b",
      "needsInterop": false
    },
    "@angular/router": {
      "src": "../../../../../../node_modules/@angular/router/fesm2022/router.mjs",
      "file": "@angular_router.js",
      "fileHash": "0ef010ae",
      "needsInterop": false
    },
    "firebase/analytics": {
      "src": "../../../../../../node_modules/firebase/analytics/dist/esm/index.esm.js",
      "file": "firebase_analytics.js",
      "fileHash": "d3e917af",
      "needsInterop": false
    },
    "firebase/app": {
      "src": "../../../../../../node_modules/firebase/app/dist/esm/index.esm.js",
      "file": "firebase_app.js",
      "fileHash": "69345edd",
      "needsInterop": false
    }
  },
  "chunks": {
    "chunk-KXJIWDBU": {
      "file": "chunk-KXJIWDBU.js"
    },
    "chunk-MMAPD5CN": {
      "file": "chunk-MMAPD5CN.js"
    },
    "chunk-NZ65DDMG": {
      "file": "chunk-NZ65DDMG.js"
    },
    "chunk-H7527CLT": {
      "file": "chunk-H7527CLT.js"
    },
    "chunk-WDMUDEB6": {
      "file": "chunk-WDMUDEB6.js"
    }
  }
}