{
  "hash": "fc209cc8",
  "configHash": "145ccbc1",
  "lockfileHash": "3af6f8cc",
  "browserHash": "6d2d6f92",
  "optimized": {
    "@angular/core": {
      "src": "../../../../../../node_modules/@angular/core/fesm2022/core.mjs",
      "file": "@angular_core.js",
      "fileHash": "6e36408f",
      "needsInterop": false
    },
    "@angular/fire/app": {
      "src": "../../../../../../node_modules/@angular/fire/fesm2022/angular-fire-app.mjs",
      "file": "@angular_fire_app.js",
      "fileHash": "2003d631",
      "needsInterop": false
    },
    "@angular/fire/firestore": {
      "src": "../../../../../../node_modules/@angular/fire/fesm2022/angular-fire-firestore.mjs",
      "file": "@angular_fire_firestore.js",
      "fileHash": "359a78cd",
      "needsInterop": false
    },
    "@angular/forms": {
      "src": "../../../../../../node_modules/@angular/forms/fesm2022/forms.mjs",
      "file": "@angular_forms.js",
      "fileHash": "0caafd9e",
      "needsInterop": false
    },
    "@angular/platform-browser": {
      "src": "../../../../../../node_modules/@angular/platform-browser/fesm2022/platform-browser.mjs",
      "file": "@angular_platform-browser.js",
      "fileHash": "ded425cb",
      "needsInterop": false
    },
    "@angular/router": {
      "src": "../../../../../../node_modules/@angular/router/fesm2022/router.mjs",
      "file": "@angular_router.js",
      "fileHash": "b4916ca7",
      "needsInterop": false
    },
    "firebase/analytics": {
      "src": "../../../../../../node_modules/firebase/analytics/dist/esm/index.esm.js",
      "file": "firebase_analytics.js",
      "fileHash": "d7f905b4",
      "needsInterop": false
    }
  },
  "chunks": {
    "chunk-IBKC3MA3": {
      "file": "chunk-IBKC3MA3.js"
    },
    "chunk-M3ZVXLPC": {
      "file": "chunk-M3ZVXLPC.js"
    },
    "chunk-J77XF2DX": {
      "file": "chunk-J77XF2DX.js"
    },
    "chunk-KTEVIJSW": {
      "file": "chunk-KTEVIJSW.js"
    },
    "chunk-2D3GMWQ4": {
      "file": "chunk-2D3GMWQ4.js"
    },
    "chunk-5K356HEJ": {
      "file": "chunk-5K356HEJ.js"
    }
  }
}