{
  "hash": "a18f8a1c",
  "configHash": "755a47ca",
  "lockfileHash": "0a3bf46c",
  "browserHash": "a9243e68",
  "optimized": {
    "@angular/core": {
      "src": "../../../../../../node_modules/@angular/core/fesm2022/core.mjs",
      "file": "@angular_core.js",
      "fileHash": "eb57bdda",
      "needsInterop": false
    },
    "@angular/fire/app": {
      "src": "../../../../../../node_modules/@angular/fire/fesm2022/angular-fire-app.mjs",
      "file": "@angular_fire_app.js",
      "fileHash": "ffd336d4",
      "needsInterop": false
    },
    "@angular/fire/auth": {
      "src": "../../../../../../node_modules/@angular/fire/fesm2022/angular-fire-auth.mjs",
      "file": "@angular_fire_auth.js",
      "fileHash": "d435ab91",
      "needsInterop": false
    },
    "@angular/fire/compat": {
      "src": "../../../../../../node_modules/@angular/fire/fesm2022/angular-fire-compat.mjs",
      "file": "@angular_fire_compat.js",
      "fileHash": "a1eccc8a",
      "needsInterop": false
    },
    "@angular/fire/compat/auth": {
      "src": "../../../../../../node_modules/@angular/fire/fesm2022/angular-fire-compat-auth.mjs",
      "file": "@angular_fire_compat_auth.js",
      "fileHash": "a5a72a50",
      "needsInterop": false
    },
    "@angular/fire/compat/firestore": {
      "src": "../../../../../../node_modules/@angular/fire/fesm2022/angular-fire-compat-firestore.mjs",
      "file": "@angular_fire_compat_firestore.js",
      "fileHash": "7bb0c36b",
      "needsInterop": false
    },
    "@angular/fire/firestore": {
      "src": "../../../../../../node_modules/@angular/fire/fesm2022/angular-fire-firestore.mjs",
      "file": "@angular_fire_firestore.js",
      "fileHash": "05319dce",
      "needsInterop": false
    },
    "@angular/fire/storage": {
      "src": "../../../../../../node_modules/@angular/fire/fesm2022/angular-fire-storage.mjs",
      "file": "@angular_fire_storage.js",
      "fileHash": "fd4262b7",
      "needsInterop": false
    },
    "@angular/forms": {
      "src": "../../../../../../node_modules/@angular/forms/fesm2022/forms.mjs",
      "file": "@angular_forms.js",
      "fileHash": "701d3900",
      "needsInterop": false
    },
    "@angular/platform-browser": {
      "src": "../../../../../../node_modules/@angular/platform-browser/fesm2022/platform-browser.mjs",
      "file": "@angular_platform-browser.js",
      "fileHash": "f42393c2",
      "needsInterop": false
    },
    "@angular/platform-browser/animations": {
      "src": "../../../../../../node_modules/@angular/platform-browser/fesm2022/animations.mjs",
      "file": "@angular_platform-browser_animations.js",
      "fileHash": "2eb31b4e",
      "needsInterop": false
    },
    "@angular/router": {
      "src": "../../../../../../node_modules/@angular/router/fesm2022/router.mjs",
      "file": "@angular_router.js",
      "fileHash": "39c41ebf",
      "needsInterop": false
    },
    "firebase/firestore": {
      "src": "../../../../../../node_modules/firebase/firestore/dist/esm/index.esm.js",
      "file": "firebase_firestore.js",
      "fileHash": "d1763ddd",
      "needsInterop": false
    },
    "ngx-spinner": {
      "src": "../../../../../../node_modules/ngx-spinner/fesm2022/ngx-spinner.mjs",
      "file": "ngx-spinner.js",
      "fileHash": "d080a0ba",
      "needsInterop": false
    },
    "ngx-toastr": {
      "src": "../../../../../../node_modules/ngx-toastr/fesm2022/ngx-toastr.mjs",
      "file": "ngx-toastr.js",
      "fileHash": "e9d554c9",
      "needsInterop": false
    },
    "rxjs": {
      "src": "../../../../../../node_modules/rxjs/dist/esm5/index.js",
      "file": "rxjs.js",
      "fileHash": "81b27a5a",
      "needsInterop": false
    }
  },
  "chunks": {
    "index.esm-H65CCQV4": {
      "file": "index__esm-H65CCQV4.js"
    },
    "chunk-ESFEENY4": {
      "file": "chunk-ESFEENY4.js"
    },
    "chunk-G4WGTC4V": {
      "file": "chunk-G4WGTC4V.js"
    },
    "chunk-OAUL23LK": {
      "file": "chunk-OAUL23LK.js"
    },
    "chunk-R7SVVUUO": {
      "file": "chunk-R7SVVUUO.js"
    },
    "chunk-V5MEANWS": {
      "file": "chunk-V5MEANWS.js"
    },
    "chunk-H4VKPN7N": {
      "file": "chunk-H4VKPN7N.js"
    },
    "chunk-HBHGGSFT": {
      "file": "chunk-HBHGGSFT.js"
    },
    "chunk-6ZORTTLD": {
      "file": "chunk-6ZORTTLD.js"
    },
    "chunk-X7LI2NJC": {
      "file": "chunk-X7LI2NJC.js"
    },
    "chunk-5D7M7OFP": {
      "file": "chunk-5D7M7OFP.js"
    },
    "chunk-A4RDU57L": {
      "file": "chunk-A4RDU57L.js"
    },
    "chunk-VLJ5ROQC": {
      "file": "chunk-VLJ5ROQC.js"
    },
    "chunk-DA4C6Y77": {
      "file": "chunk-DA4C6Y77.js"
    },
    "chunk-LDDY2U46": {
      "file": "chunk-LDDY2U46.js"
    },
    "chunk-FGG7MIH2": {
      "file": "chunk-FGG7MIH2.js"
    },
    "chunk-QQRQ62PV": {
      "file": "chunk-QQRQ62PV.js"
    },
    "chunk-HRVVZ7O7": {
      "file": "chunk-HRVVZ7O7.js"
    },
    "chunk-BIZ6S7EG": {
      "file": "chunk-BIZ6S7EG.js"
    },
    "chunk-OPJDHPG3": {
      "file": "chunk-OPJDHPG3.js"
    },
    "chunk-IYEYSCYL": {
      "file": "chunk-IYEYSCYL.js"
    },
    "chunk-35ENWJA4": {
      "file": "chunk-35ENWJA4.js"
    }
  }
}