{
  "hash": "a3a0743e",
  "configHash": "df594b15",
  "lockfileHash": "8cc2e98c",
  "browserHash": "6a48ce21",
  "optimized": {
    "@angular/core": {
      "src": "../../../../../../node_modules/@angular/core/fesm2022/core.mjs",
      "file": "@angular_core.js",
      "fileHash": "50e176f7",
      "needsInterop": false
    },
    "@angular/platform-browser": {
      "src": "../../../../../../node_modules/@angular/platform-browser/fesm2022/platform-browser.mjs",
      "file": "@angular_platform-browser.js",
      "fileHash": "32d54d61",
      "needsInterop": false
    },
    "@angular/router": {
      "src": "../../../../../../node_modules/@angular/router/fesm2022/router.mjs",
      "file": "@angular_router.js",
      "fileHash": "76a5808c",
      "needsInterop": false
    }
  },
  "chunks": {
    "chunk-DPYP7YJD": {
      "file": "chunk-DPYP7YJD.js"
    },
    "chunk-FWG627IE": {
      "file": "chunk-FWG627IE.js"
    }
  }
}