{
  "hash": "7217051b",
  "configHash": "93563d84",
  "lockfileHash": "17cd274d",
  "browserHash": "0e15a9b4",
  "optimized": {
    "@angular/core": {
      "src": "../../../../../../node_modules/@angular/core/fesm2022/core.mjs",
      "file": "@angular_core.js",
      "fileHash": "8d7a9d7b",
      "needsInterop": false
    },
    "@angular/platform-browser": {
      "src": "../../../../../../node_modules/@angular/platform-browser/fesm2022/platform-browser.mjs",
      "file": "@angular_platform-browser.js",
      "fileHash": "b2b913fa",
      "needsInterop": false
    },
    "@angular/router": {
      "src": "../../../../../../node_modules/@angular/router/fesm2022/router.mjs",
      "file": "@angular_router.js",
      "fileHash": "8447fa6c",
      "needsInterop": false
    }
  },
  "chunks": {
    "chunk-DPYP7YJD": {
      "file": "chunk-DPYP7YJD.js"
    },
    "chunk-FWG627IE": {
      "file": "chunk-FWG627IE.js"
    }
  }
}