{
  "hash": "85e4ba43",
  "configHash": "4e121ccc",
  "lockfileHash": "246c3650",
  "browserHash": "d9a34d60",
  "optimized": {
    "@angular/common": {
      "src": "../../../../../../node_modules/@angular/common/fesm2022/common.mjs",
      "file": "@angular_common.js",
      "fileHash": "61245dc3",
      "needsInterop": false
    },
    "@angular/common/http": {
      "src": "../../../../../../node_modules/@angular/common/fesm2022/http.mjs",
      "file": "@angular_common_http.js",
      "fileHash": "1e62ffce",
      "needsInterop": false
    },
    "@angular/core": {
      "src": "../../../../../../node_modules/@angular/core/fesm2022/core.mjs",
      "file": "@angular_core.js",
      "fileHash": "7a93b422",
      "needsInterop": false
    },
    "@angular/fire/app": {
      "src": "../../../../../../node_modules/@angular/fire/fesm2022/angular-fire-app.mjs",
      "file": "@angular_fire_app.js",
      "fileHash": "406e6106",
      "needsInterop": false
    },
    "@angular/fire/auth": {
      "src": "../../../../../../node_modules/@angular/fire/fesm2022/angular-fire-auth.mjs",
      "file": "@angular_fire_auth.js",
      "fileHash": "4d18cce1",
      "needsInterop": false
    },
    "@angular/fire/compat": {
      "src": "../../../../../../node_modules/@angular/fire/fesm2022/angular-fire-compat.mjs",
      "file": "@angular_fire_compat.js",
      "fileHash": "f1014fa4",
      "needsInterop": false
    },
    "@angular/fire/firestore": {
      "src": "../../../../../../node_modules/@angular/fire/fesm2022/angular-fire-firestore.mjs",
      "file": "@angular_fire_firestore.js",
      "fileHash": "d2768f83",
      "needsInterop": false
    },
    "@angular/forms": {
      "src": "../../../../../../node_modules/@angular/forms/fesm2022/forms.mjs",
      "file": "@angular_forms.js",
      "fileHash": "1c7a4194",
      "needsInterop": false
    },
    "@angular/platform-browser": {
      "src": "../../../../../../node_modules/@angular/platform-browser/fesm2022/platform-browser.mjs",
      "file": "@angular_platform-browser.js",
      "fileHash": "0707aca6",
      "needsInterop": false
    },
    "@angular/platform-browser/animations": {
      "src": "../../../../../../node_modules/@angular/platform-browser/fesm2022/animations.mjs",
      "file": "@angular_platform-browser_animations.js",
      "fileHash": "8ee395f6",
      "needsInterop": false
    },
    "@angular/router": {
      "src": "../../../../../../node_modules/@angular/router/fesm2022/router.mjs",
      "file": "@angular_router.js",
      "fileHash": "1f918b7d",
      "needsInterop": false
    },
    "firebase/firestore": {
      "src": "../../../../../../node_modules/firebase/firestore/dist/esm/index.esm.js",
      "file": "firebase_firestore.js",
      "fileHash": "dabc5fbc",
      "needsInterop": false
    },
    "ngx-spinner": {
      "src": "../../../../../../node_modules/ngx-spinner/fesm2022/ngx-spinner.mjs",
      "file": "ngx-spinner.js",
      "fileHash": "420d254c",
      "needsInterop": false
    },
    "ngx-toastr": {
      "src": "../../../../../../node_modules/ngx-toastr/fesm2022/ngx-toastr.mjs",
      "file": "ngx-toastr.js",
      "fileHash": "ee1f2f38",
      "needsInterop": false
    },
    "sweetalert2": {
      "src": "../../../../../../node_modules/sweetalert2/dist/sweetalert2.esm.all.js",
      "file": "sweetalert2.js",
      "fileHash": "553154cc",
      "needsInterop": false
    }
  },
  "chunks": {
    "chunk-5QQFPOLG": {
      "file": "chunk-5QQFPOLG.js"
    },
    "chunk-AI5AAWEA": {
      "file": "chunk-AI5AAWEA.js"
    },
    "chunk-CLNYOSSB": {
      "file": "chunk-CLNYOSSB.js"
    },
    "chunk-GYRNI6YS": {
      "file": "chunk-GYRNI6YS.js"
    },
    "chunk-65TTZ7J6": {
      "file": "chunk-65TTZ7J6.js"
    },
    "chunk-QS6YRCID": {
      "file": "chunk-QS6YRCID.js"
    },
    "chunk-D7MGU7FO": {
      "file": "chunk-D7MGU7FO.js"
    },
    "chunk-SJ75ZPZ4": {
      "file": "chunk-SJ75ZPZ4.js"
    },
    "chunk-JV64VY53": {
      "file": "chunk-JV64VY53.js"
    },
    "chunk-ISWQ6IF3": {
      "file": "chunk-ISWQ6IF3.js"
    },
    "chunk-OFF5SZJQ": {
      "file": "chunk-OFF5SZJQ.js"
    },
    "chunk-TRICBCHB": {
      "file": "chunk-TRICBCHB.js"
    },
    "chunk-7ROG75TF": {
      "file": "chunk-7ROG75TF.js"
    },
    "chunk-35ENWJA4": {
      "file": "chunk-35ENWJA4.js"
    }
  }
}