{
  "hash": "be42db76",
  "configHash": "2c46d7c8",
  "lockfileHash": "5ff4abbd",
  "browserHash": "fdfcf8d9",
  "optimized": {
    "@angular/core": {
      "src": "../../../../../../node_modules/@angular/core/fesm2022/core.mjs",
      "file": "@angular_core.js",
      "fileHash": "a93247e4",
      "needsInterop": false
    },
    "@angular/platform-browser": {
      "src": "../../../../../../node_modules/@angular/platform-browser/fesm2022/platform-browser.mjs",
      "file": "@angular_platform-browser.js",
      "fileHash": "76ec61d9",
      "needsInterop": false
    },
    "@angular/router": {
      "src": "../../../../../../node_modules/@angular/router/fesm2022/router.mjs",
      "file": "@angular_router.js",
      "fileHash": "e1dbe1b2",
      "needsInterop": false
    },
    "firebase/app": {
      "src": "../../../../../../node_modules/firebase/app/dist/esm/index.esm.js",
      "file": "firebase_app.js",
      "fileHash": "f0599e54",
      "needsInterop": false
    },
    "firebase/analytics": {
      "src": "../../../../../../node_modules/firebase/analytics/dist/esm/index.esm.js",
      "file": "firebase_analytics.js",
      "fileHash": "4e0f283b",
      "needsInterop": false
    }
  },
  "chunks": {
    "chunk-NZ65DDMG": {
      "file": "chunk-NZ65DDMG.js"
    },
    "chunk-OUYRQV2O": {
      "file": "chunk-OUYRQV2O.js"
    },
    "chunk-2CZA2BYL": {
      "file": "chunk-2CZA2BYL.js"
    },
    "chunk-WDMUDEB6": {
      "file": "chunk-WDMUDEB6.js"
    }
  }
}