{
  "hash": "5ca6f4c7",
  "configHash": "016a904e",
  "lockfileHash": "6c3f5227",
  "browserHash": "6b0db9e0",
  "optimized": {
    "@angular/core": {
      "src": "../../../../../../node_modules/@angular/core/fesm2022/core.mjs",
      "file": "@angular_core.js",
      "fileHash": "79a44241",
      "needsInterop": false
    },
    "@angular/platform-browser": {
      "src": "../../../../../../node_modules/@angular/platform-browser/fesm2022/platform-browser.mjs",
      "file": "@angular_platform-browser.js",
      "fileHash": "f3a340fe",
      "needsInterop": false
    },
    "@angular/router": {
      "src": "../../../../../../node_modules/@angular/router/fesm2022/router.mjs",
      "file": "@angular_router.js",
      "fileHash": "351cb1c0",
      "needsInterop": false
    }
  },
  "chunks": {
    "chunk-TAHDP6RL": {
      "file": "chunk-TAHDP6RL.js"
    },
    "chunk-TAFR5O5T": {
      "file": "chunk-TAFR5O5T.js"
    }
  }
}