{
  "hash": "dcd5b317",
  "configHash": "df29b413",
  "lockfileHash": "f02fb21e",
  "browserHash": "c07d0116",
  "optimized": {
    "@angular/core": {
      "src": "../../../../../../node_modules/@angular/core/fesm2022/core.mjs",
      "file": "@angular_core.js",
      "fileHash": "4910472a",
      "needsInterop": false
    },
    "@angular/platform-browser": {
      "src": "../../../../../../node_modules/@angular/platform-browser/fesm2022/platform-browser.mjs",
      "file": "@angular_platform-browser.js",
      "fileHash": "febabb9b",
      "needsInterop": false
    },
    "@angular/router": {
      "src": "../../../../../../node_modules/@angular/router/fesm2022/router.mjs",
      "file": "@angular_router.js",
      "fileHash": "f12e7396",
      "needsInterop": false
    }
  },
  "chunks": {
    "chunk-TAHDP6RL": {
      "file": "chunk-TAHDP6RL.js"
    },
    "chunk-TAFR5O5T": {
      "file": "chunk-TAFR5O5T.js"
    }
  }
}