{
  "hash": "01b32f03",
  "configHash": "e73be219",
  "lockfileHash": "209655e4",
  "browserHash": "65212d0d",
  "optimized": {
    "@angular/core": {
      "src": "../../../../../../node_modules/@angular/core/fesm2022/core.mjs",
      "file": "@angular_core.js",
      "fileHash": "e297f4f9",
      "needsInterop": false
    },
    "@angular/platform-browser": {
      "src": "../../../../../../node_modules/@angular/platform-browser/fesm2022/platform-browser.mjs",
      "file": "@angular_platform-browser.js",
      "fileHash": "7b52d9d9",
      "needsInterop": false
    },
    "@angular/router": {
      "src": "../../../../../../node_modules/@angular/router/fesm2022/router.mjs",
      "file": "@angular_router.js",
      "fileHash": "191c1f78",
      "needsInterop": false
    }
  },
  "chunks": {
    "chunk-DPYP7YJD": {
      "file": "chunk-DPYP7YJD.js"
    },
    "chunk-FWG627IE": {
      "file": "chunk-FWG627IE.js"
    }
  }
}