{
  "hash": "21090b0d",
  "configHash": "09e21449",
  "lockfileHash": "69e8ad51",
  "browserHash": "db87247e",
  "optimized": {
    "@angular/core": {
      "src": "../../../../../../node_modules/@angular/core/fesm2022/core.mjs",
      "file": "@angular_core.js",
      "fileHash": "b8512412",
      "needsInterop": false
    },
    "@angular/platform-browser": {
      "src": "../../../../../../node_modules/@angular/platform-browser/fesm2022/platform-browser.mjs",
      "file": "@angular_platform-browser.js",
      "fileHash": "8faa2424",
      "needsInterop": false
    },
    "@angular/router": {
      "src": "../../../../../../node_modules/@angular/router/fesm2022/router.mjs",
      "file": "@angular_router.js",
      "fileHash": "de43d890",
      "needsInterop": false
    }
  },
  "chunks": {
    "chunk-XLPCLLTN": {
      "file": "chunk-XLPCLLTN.js"
    },
    "chunk-MHO7SAPS": {
      "file": "chunk-MHO7SAPS.js"
    }
  }
}