{
  "hash": "2e3a5346",
  "configHash": "59e2643d",
  "lockfileHash": "6c0a801d",
  "browserHash": "c940e8b2",
  "optimized": {
    "@angular/common": {
      "src": "../../../../../../node_modules/@angular/common/fesm2022/common.mjs",
      "file": "@angular_common.js",
      "fileHash": "e82e0e58",
      "needsInterop": false
    },
    "@angular/common/http": {
      "src": "../../../../../../node_modules/@angular/common/fesm2022/http.mjs",
      "file": "@angular_common_http.js",
      "fileHash": "6b6be41c",
      "needsInterop": false
    },
    "@angular/core": {
      "src": "../../../../../../node_modules/@angular/core/fesm2022/core.mjs",
      "file": "@angular_core.js",
      "fileHash": "7b7b936c",
      "needsInterop": false
    },
    "@angular/fire/app": {
      "src": "../../../../../../node_modules/@angular/fire/fesm2022/angular-fire-app.mjs",
      "file": "@angular_fire_app.js",
      "fileHash": "3c679bb0",
      "needsInterop": false
    },
    "@angular/fire/auth": {
      "src": "../../../../../../node_modules/@angular/fire/fesm2022/angular-fire-auth.mjs",
      "file": "@angular_fire_auth.js",
      "fileHash": "8dc575bf",
      "needsInterop": false
    },
    "@angular/fire/compat": {
      "src": "../../../../../../node_modules/@angular/fire/fesm2022/angular-fire-compat.mjs",
      "file": "@angular_fire_compat.js",
      "fileHash": "e923540a",
      "needsInterop": false
    },
    "@angular/fire/firestore": {
      "src": "../../../../../../node_modules/@angular/fire/fesm2022/angular-fire-firestore.mjs",
      "file": "@angular_fire_firestore.js",
      "fileHash": "5cfde679",
      "needsInterop": false
    },
    "@angular/forms": {
      "src": "../../../../../../node_modules/@angular/forms/fesm2022/forms.mjs",
      "file": "@angular_forms.js",
      "fileHash": "f48533a1",
      "needsInterop": false
    },
    "@angular/platform-browser": {
      "src": "../../../../../../node_modules/@angular/platform-browser/fesm2022/platform-browser.mjs",
      "file": "@angular_platform-browser.js",
      "fileHash": "697a7986",
      "needsInterop": false
    },
    "@angular/platform-browser/animations": {
      "src": "../../../../../../node_modules/@angular/platform-browser/fesm2022/animations.mjs",
      "file": "@angular_platform-browser_animations.js",
      "fileHash": "a8c4c75b",
      "needsInterop": false
    },
    "@angular/router": {
      "src": "../../../../../../node_modules/@angular/router/fesm2022/router.mjs",
      "file": "@angular_router.js",
      "fileHash": "4e6b59ab",
      "needsInterop": false
    },
    "firebase/firestore": {
      "src": "../../../../../../node_modules/firebase/firestore/dist/esm/index.esm.js",
      "file": "firebase_firestore.js",
      "fileHash": "30b20db7",
      "needsInterop": false
    },
    "ngx-spinner": {
      "src": "../../../../../../node_modules/ngx-spinner/fesm2022/ngx-spinner.mjs",
      "file": "ngx-spinner.js",
      "fileHash": "cce6f285",
      "needsInterop": false
    },
    "ngx-toastr": {
      "src": "../../../../../../node_modules/ngx-toastr/fesm2022/ngx-toastr.mjs",
      "file": "ngx-toastr.js",
      "fileHash": "f3530cd2",
      "needsInterop": false
    },
    "sweetalert2": {
      "src": "../../../../../../node_modules/sweetalert2/dist/sweetalert2.esm.all.js",
      "file": "sweetalert2.js",
      "fileHash": "6b0dc56d",
      "needsInterop": false
    }
  },
  "chunks": {
    "chunk-AMW7RGWI": {
      "file": "chunk-AMW7RGWI.js"
    },
    "chunk-KKS73ECI": {
      "file": "chunk-KKS73ECI.js"
    },
    "chunk-UA4FSRX5": {
      "file": "chunk-UA4FSRX5.js"
    },
    "chunk-V7BVWRRU": {
      "file": "chunk-V7BVWRRU.js"
    },
    "chunk-TRICBCHB": {
      "file": "chunk-TRICBCHB.js"
    },
    "chunk-7ROG75TF": {
      "file": "chunk-7ROG75TF.js"
    },
    "chunk-CLNYOSSB": {
      "file": "chunk-CLNYOSSB.js"
    },
    "chunk-5DS5PL5A": {
      "file": "chunk-5DS5PL5A.js"
    },
    "chunk-7E4SKNBO": {
      "file": "chunk-7E4SKNBO.js"
    },
    "chunk-P7ZLZYRO": {
      "file": "chunk-P7ZLZYRO.js"
    },
    "chunk-J6GKJUH3": {
      "file": "chunk-J6GKJUH3.js"
    },
    "chunk-WPFQYBIS": {
      "file": "chunk-WPFQYBIS.js"
    },
    "chunk-OFF5SZJQ": {
      "file": "chunk-OFF5SZJQ.js"
    },
    "chunk-35ENWJA4": {
      "file": "chunk-35ENWJA4.js"
    }
  }
}